image_path,ASIS1,ASIS2,SYMP,ASE,PSE,AAO,PAO,FHC1,FHC2,PF,DF,image_quality
/home/ajj/Documents/ODI/Data/Landmarking/standing/preop/set_001_0001.tif,"[380.3,177.6]","[379.6,192.4]","[404.8,335.1]","[293.1,189.2]","[240.8,160.8]","[362.9,293.8]","[288.6,331.9]","[328.0,306.0]","[322.8,313.1]","[353.2,424.8]","[366.1,490.0]",0
/home/ajj/Documents/ODI/Data/Landmarking/standing/preop/set_001_0003_20251027_12.tif,,,"[342.8,162.7]",,,"[282.8,177.6]","[224.7,218.2]","[257.0,195.6]",,"[271.8,343.5]","[288.0,441.6]",0
/home/ajj/Documents/ODI/Data/Landmarking/seated/preop/set_001_0008_20251117_14.tif,"[357.0,180.1]","[320.4,175.7]","[380.2,268.4]","[199.7,220.4]","[156.1,203.0]","[338.5,287.2]","[306.4,356.2]","[292.4,307.1]","[292.0,305.6]","[369.5,320.4]","[471.0,336.7]",0
/home/ajj/Documents/ODI/Data/Landmarking/seated/preop/set_001_0004.tif,"[379.8,185.7]","[354.4,218.9]",,"[275.0,235.5]","[207.8,217.8]","[381.0,306.4]","[332.6,374.7]","[349.2,334.4]",,"[375.4,347.7]","[467.3,372.8]",0
/home/ajj/Documents/ODI/Data/Landmarking/seated/preop/set_001_0009_20251027_12.tif,"[357.0,185.3]","[359.9,252.5]","[428.9,338.1]","[247.7,276.5]","[202.3,246.6]","[367.7,335.2]","[333.7,396.8]","[340.0,359.2]",,"[382.1,383.9]","[480.3,362.5]",0
/home/ajj/Documents/ODI/Data/Landmarking/seated/preop/set_001_0010_20251028_14.tif,"[378.7,125.5]","[324.8,170.2]",,"[246.2,201.6]","[190.8,188.3]",,,,,,"[19.9,2.2]",0
/home/ajj/Documents/ODI/Data/Landmarking/seated/preop/set_001_0012_20251117_14.tif,"[354.4,179.0]","[318.2,211.9]","[400.1,314.1]","[211.5,185.3]","[162.8,157.3]","[333.3,297.2]","[284.2,358.8]","[305.6,323.0]",,"[369.1,347.0]","[486.2,348.1]",0
/home/ajj/Documents/ODI/Data/Landmarking/seated/preop/set_001_0016_20251028_14.tif,"[313.0,177.2]","[320.0,201.9]","[354.7,323.7]","[228.5,186.4]","[174.6,169.8]","[320.0,317.8]","[257.3,369.1]","[280.2,321.9]","[261.4,326.7]","[350.3,359.5]","[481.7,355.1]",0
/home/ajj/Documents/ODI/Data/Landmarking/seated/preop/set_001_0016_20251124_11.tif,"[271.3,118.5]","[261.4,149.5]","[382.4,261.4]","[181.6,201.2]","[134.0,192.0]","[316.4,252.1]","[273.5,319.7]","[287.6,275.4]",,"[354.0,322.6]","[490.2,364.0]",0
/home/ajj/Documents/ODI/Data/Landmarking/seated/preop/set_001_0018_20251027_12.tif,"[376.9,158.4]","[331.5,201.2]",,"[250.6,170.5]","[200.1,158.7]","[362.5,272.8]","[322.6,340.3]",,,"[388.3,355.5]","[488.7,359.5]",0
/home/ajj/Documents/ODI/Data/Landmarking/seated/preop/set_001_0019_20251027_12.tif,"[293.1,149.9]","[293.1,149.9]","[382.8,289.8]","[226.7,201.2]","[178.7,182.7]","[333.0,295.3]","[260.2,361.0]","[289.0,322.3]",,"[370.6,342.2]","[484.7,323.4]",0
/home/ajj/Documents/ODI/Data/Landmarking/seated/preop/set_001_0025_20251117_14.tif,"[287.2,193.1]",,"[355.9,287.6]","[210.0,194.5]","[163.2,169.4]","[295.3,280.9]","[236.3,330.0]","[262.8,306.4]","[266.9,281.7]","[340.3,311.9]","[472.9,314.5]",0
/home/ajj/Documents/ODI/Data/Landmarking/seated/preop/set_001_0027_20251117_14.tif,"[313.8,174.6]","[260.6,193.1]","[345.1,283.1]","[153.9,205.6]","[102.3,194.9]","[280.2,280.2]","[219.3,358.4]","[233.7,309.3]",,"[298.6,325.2]","[498.7,326.0]",0
/home/ajj/Documents/ODI/Data/Landmarking/seated/preop/set_001_0029.tif,"[304.5,206.7]","[309.7,244.7]",,"[234.0,205.2]","[189.0,179.4]","[296.1,323.7]","[234.8,383.5]","[255.4,347.0]",,"[309.0,354.0]","[494.7,375.8]",0
/home/ajj/Documents/ODI/Data/Landmarking/seated/preop/set_001_0031_20251027_12.tif,"[371.4,225.5]","[374.7,216.7]",,"[263.6,195.3]","[208.6,183.5]","[357.3,303.8]","[317.8,393.5]","[346.3,347.4]",,"[390.6,368.4]","[496.5,373.9]",0
/home/ajj/Documents/ODI/Data/Landmarking/seated/preop/set_001_0031_20251124_11.tif,"[366.9,182.4]","[333.0,165.0]",,"[230.3,188.3]","[180.1,158.7]",,,,,"[368.8,330.0]","[469.5,331.5]",0
/home/ajj/Documents/ODI/Data/Landmarking/seated/preop/set_001_0032_20251028_14.tif,"[386.5,130.7]","[386.1,130.3]","[497.2,215.9]","[247.0,195.3]","[184.6,220.7]","[431.2,233.7]","[412.3,319.3]","[421.9,273.9]",,"[467.0,271.0]","[507.2,257.7]",0
/home/ajj/Documents/ODI/Data/Landmarking/seated/preop/set_001_0033_20251117_14.tif,"[278.3,216.3]","[255.4,182.7]","[338.1,327.4]","[187.5,239.6]","[145.1,224.8]","[293.5,325.2]","[239.6,371.4]","[260.6,335.9]","[215.1,307.6]","[318.2,374.7]","[496.9,437.4]",0
/home/ajj/Documents/ODI/Data/Landmarking/seated/preop/set_001_0036_20251027_12.tif,"[310.8,165.4]","[320.8,149.5]","[379.5,297.9]","[198.2,199.3]","[140.6,180.9]","[315.6,257.7]","[283.1,338.5]","[301.2,295.3]",,"[357.7,306.8]","[490.2,295.3]",0
/home/ajj/Documents/ODI/Data/Landmarking/seated/preop/set_001_0037_20251117_14.tif,"[356.2,179.4]","[352.5,203.0]","[431.2,286.8]","[243.6,228.5]","[175.3,223.0]","[364.0,288.7]","[333.0,371.0]","[344.8,327.1]",,"[385.8,341.5]","[466.2,338.5]",0
/home/ajj/Documents/ODI/Data/Landmarking/seated/preop/set_001_0038.tif,"[376.9,247.0]","[361.4,251.0]","[399.8,343.7]","[238.1,251.0]","[209.3,229.2]","[339.2,332.2]","[301.6,400.5]","[309.0,357.7]","[309.7,346.3]","[379.1,378.0]","[467.0,373.9]",0
/home/ajj/Documents/ODI/Data/Landmarking/seated/preop/set_001_0040_20251117_14.tif,"[364.0,207.1]","[364.0,207.1]","[429.7,318.9]","[249.2,225.9]","[186.0,217.4]","[373.9,323.0]","[327.8,409.0]","[345.5,364.0]","[324.5,330.8]","[412.3,365.8]","[492.4,362.1]",0
/home/ajj/Documents/ODI/Data/Landmarking/seated/preop/set_001_0041_20251027_12.tif,"[352.9,220.7]","[312.3,189.4]","[414.5,261.7]","[203.4,197.1]","[146.9,182.0]","[365.5,278.7]","[316.4,342.6]","[333.0,302.7]",,"[377.6,319.3]","[495.8,333.0]",0
/home/ajj/Documents/ODI/Data/Landmarking/seated/preop/set_001_0042_20251028_14.tif,"[341.5,179.8]","[321.9,241.0]","[385.8,352.2]","[235.5,209.7]","[193.8,184.2]","[318.9,349.9]","[264.7,403.1]","[283.5,360.7]",,"[339.6,383.9]","[469.5,370.2]",0
/home/ajj/Documents/ODI/Data/Landmarking/seated/preop/set_001_0043.tif,"[351.1,190.5]","[309.7,207.1]","[368.8,313.4]","[220.0,183.1]","[165.0,169.1]","[323.7,310.8]","[270.6,378.4]","[299.7,344.4]","[277.2,331.9]","[352.9,356.2]","[482.1,352.2]",0
/home/ajj/Documents/ODI/Data/Landmarking/seated/preop/set_001_0047_20251027_12.tif,"[297.2,180.1]","[276.1,230.0]","[355.1,334.4]","[153.9,203.0]","[100.0,185.7]","[296.8,316.0]","[231.5,383.2]","[247.0,347.4]","[247.7,331.5]","[331.1,379.1]","[491.7,382.8]",0
/home/ajj/Documents/ODI/Data/Landmarking/seated/preop/set_001_0049_20251028_14.tif,"[304.5,292.0]","[287.2,334.8]","[393.9,396.1]","[204.5,335.2]","[146.5,342.6]","[348.5,370.2]","[318.2,423.0]","[306.4,456.3]","[323.7,398.3]","[375.8,414.5]","[495.0,430.4]",0
/home/ajj/Documents/ODI/Data/Landmarking/seated/preop/set_001_0059_20251027_12.tif,"[319.3,230.7]","[280.9,245.1]","[6.6,4.4]","[199.3,204.1]","[157.6,179.4]","[286.5,318.6]","[253.6,383.2]","[267.6,348.8]","[338.5,376.2]","[484.7,388.0]",,0
/home/ajj/Documents/ODI/Data/Landmarking/seated/preop/set_001_0061.tif,"[324.1,176.4]","[325.6,153.6]","[392.4,302.3]","[224.8,221.5]","[169.4,194.5]","[320.0,279.4]","[287.6,351.8]","[298.6,305.6]","[287.6,330.4]","[358.4,329.6]","[476.6,323.4]",0
/home/ajj/Documents/ODI/Data/Landmarking/seated/preop/set_001_0061_20251027_12.tif,,,,"[249.9,226.3]","[200.1,193.1]","[311.2,351.4]","[267.3,416.8]","[281.7,378.4]","[302.7,342.6]","[331.5,416.8]","[466.2,444.1]",0
/home/ajj/Documents/ODI/Data/Landmarking/seated/preop/set_001_0246_20251117_14.tif,"[366.2,172.8]","[386.9,208.6]","[400.1,349.9]","[271.3,229.6]","[215.6,228.9]","[377.6,305.6]","[355.5,388.0]","[365.5,348.8]","[349.6,300.5]","[408.6,388.7]","[481.0,378.4]",0
/home/ajj/Documents/ODI/Data/Landmarking/seated/preop/set_001_0232_20251117_14.tif,"[349.6,294.9]","[324.5,278.0]","[385.0,379.8]","[171.7,309.7]","[135.5,276.9]","[317.1,381.0]","[282.4,480.3]","[297.5,428.2]","[283.5,393.9]","[345.1,402.0]","[452.9,373.9]",0
/home/ajj/Documents/ODI/Data/Landmarking/seated/preop/set_001_0229_20251117_14.tif,"[303.8,202.3]","[326.0,231.5]","[324.1,326.7]","[228.1,194.5]","[162.4,175.7]","[303.4,318.6]","[257.7,384.6]","[277.2,342.9]","[244.7,349.6]","[314.1,369.1]","[463.3,352.2]",0
/home/ajj/Documents/ODI/Data/Landmarking/seated/preop/set_001_0189_20251117_14.tif,"[344.8,172.8]","[319.3,210.0]","[341.1,352.5]","[210.4,218.9]","[166.9,194.2]","[296.1,304.9]","[246.6,361.0]","[264.7,327.4]","[285.3,327.4]","[316.4,361.0]","[484.7,367.7]",0
/home/ajj/Documents/ODI/Data/Landmarking/seated/preop/set_001_0171_20251117_14.tif,"[419.3,197.5]","[395.4,197.5]",,"[252.9,208.2]","[190.1,183.8]","[357.7,286.5]","[317.1,367.7]","[335.6,326.7]","[336.3,369.9]","[393.5,357.3]","[470.7,364.0]",0
/home/ajj/Documents/ODI/Data/Landmarking/seated/preop/set_001_0144_20251117_14.tif,"[310.8,187.9]",,,"[184.9,188.6]","[141.0,168.3]",,,,,"[334.8,340.7]","[481.0,330.0]",0
/home/ajj/Documents/ODI/Data/Landmarking/seated/preop/set_001_0142.tif,"[397.6,175.0]","[316.7,203.4]",,"[225.9,205.2]","[175.7,196.0]","[327.1,307.9]","[296.4,369.5]","[304.2,336.3]","[304.5,336.3]","[356.6,357.0]","[486.5,328.2]",0
/home/ajj/Documents/ODI/Data/Landmarking/seated/preop/set_001_0136_20251117_14.tif,"[340.7,148.0]","[323.4,202.3]","[372.5,303.4]","[236.3,173.1]","[183.5,147.3]","[309.7,280.5]","[279.4,342.6]","[289.0,305.3]","[287.9,293.8]","[342.2,328.5]","[487.6,346.6]",0
/home/ajj/Documents/ODI/Data/Landmarking/seated/preop/set_001_0136.tif,"[329.3,184.9]","[297.9,206.7]","[366.2,312.7]","[194.9,258.8]","[145.1,235.9]","[321.5,309.0]","[268.4,389.4]","[284.6,337.4]",,"[340.0,360.3]","[491.3,376.2]",0
/home/ajj/Documents/ODI/Data/Landmarking/seated/preop/set_001_0129_20251117_14.tif,"[359.9,182.0]","[332.2,217.8]","[390.6,359.5]","[213.4,220.0]","[167.2,194.5]","[324.5,327.4]","[274.6,403.5]","[294.9,355.5]","[294.6,354.4]","[383.2,393.1]","[486.9,404.2]",0
/home/ajj/Documents/ODI/Data/Landmarking/seated/preop/set_001_0128.tif,"[301.2,187.5]","[300.9,211.1]","[375.0,319.7]","[207.1,231.8]","[152.5,225.9]","[305.3,314.1]","[287.9,397.6]","[286.1,353.3]","[286.1,323.4]","[343.7,355.9]","[490.6,377.6]",0
/home/ajj/Documents/ODI/Data/Landmarking/seated/preop/set_001_0121_20251117_14.tif,"[273.2,198.6]","[279.4,232.2]","[346.6,358.8]","[179.0,210.0]","[138.8,197.9]",,,,,"[320.8,409.0]","[472.9,420.8]",0
/home/ajj/Documents/ODI/Data/Landmarking/seated/preop/set_001_0112.tif,"[365.8,152.8]","[340.0,191.2]","[412.3,309.7]","[239.9,189.4]","[184.6,179.8]",,,,,,,0
/home/ajj/Documents/ODI/Data/Landmarking/seated/preop/set_001_0101.tif,"[336.7,208.6]","[320.0,241.0]","[342.9,355.9]","[180.1,261.7]","[146.9,223.7]","[306.4,322.6]","[268.4,397.2]","[280.2,353.6]","[324.1,368.4]","[485.4,365.1]",,0
/home/ajj/Documents/ODI/Data/Landmarking/seated/preop/set_001_0099_20251117_14.tif,"[344.8,146.5]","[287.6,212.3]","[346.3,349.6]","[209.3,207.1]","[153.2,179.4]","[303.1,334.8]","[259.5,398.3]","[271.7,359.9]",,"[316.0,387.2]","[483.2,379.1]",0
/home/ajj/Documents/ODI/Data/Landmarking/seated/preop/set_001_0095.tif,"[262.8,136.2]","[276.1,192.7]","[344.8,280.9]","[182.7,189.0]","[126.6,180.1]","[287.9,276.9]","[254.0,345.5]","[265.0,306.8]","[251.0,297.5]","[311.9,341.8]","[482.8,343.7]",0
/home/ajj/Documents/ODI/Data/Landmarking/seated/preop/set_001_0091.tif,"[299.0,162.4]","[299.4,162.4]","[361.8,319.7]","[183.8,186.4]","[120.0,172.8]","[304.5,285.3]","[258.4,364.3]","[275.7,323.4]",,"[330.8,341.1]","[489.5,375.8]",0
/home/ajj/Documents/ODI/Data/Landmarking/seated/preop/set_001_0089_20251028_14.tif,"[386.5,220.7]","[359.9,216.7]","[460.0,322.6]","[272.1,234.0]","[203.8,223.0]","[383.9,317.1]","[359.5,397.6]","[366.2,349.6]","[370.2,324.5]","[411.2,356.2]","[491.3,375.4]",0
/home/ajj/Documents/ODI/Data/Landmarking/seated/preop/set_001_0086.tif,"[396.8,220.7]","[318.9,224.4]","[414.5,335.6]","[235.5,207.8]","[182.7,186.8]","[329.3,313.4]","[278.7,370.6]","[294.6,338.5]","[329.6,351.4]","[363.6,379.1]","[468.8,391.7]",0
/home/ajj/Documents/ODI/Data/Landmarking/seated/preop/set_001_0084_20251028_14.tif,"[322.6,135.1]","[322.3,213.7]","[365.8,304.9]","[222.6,159.5]","[163.5,143.2]","[306.8,274.3]","[256.6,347.0]","[268.4,301.2]","[283.9,299.4]","[348.1,304.5]","[485.8,266.9]",0
/home/ajj/Documents/ODI/Data/Landmarking/seated/preop/set_001_0083_20251117_14.tif,"[355.9,174.6]",,,"[207.5,196.4]","[163.5,176.8]","[312.3,331.1]","[280.9,388.3]","[292.4,353.6]","[310.8,323.0]","[342.6,369.9]","[481.7,358.1]",0
/home/ajj/Documents/ODI/Data/Landmarking/seated/preop/set_001_0079.tif,"[347.0,181.6]","[329.6,188.3]",,"[229.2,192.0]","[161.7,173.5]","[315.6,296.8]","[272.8,390.6]","[286.8,337.4]","[9.2,9.2]","[352.9,334.4]","[481.4,321.2]",0
/home/ajj/Documents/ODI/Data/Landmarking/seated/preop/set_001_0076_20251027_12.tif,"[353.6,186.4]","[337.8,208.2]",,"[249.5,206.4]","[203.8,190.1]","[330.8,336.7]","[277.2,382.8]","[298.6,354.4]","[31.7,4.1]","[344.4,380.2]","[460.0,383.9]",0
/home/ajj/Documents/ODI/Data/Landmarking/seated/preop/set_001_0074_20251028_14.tif,"[316.7,223.0]",,,"[198.6,231.8]","[155.4,210.0]","[289.4,349.9]","[237.0,414.5]","[254.3,377.6]","[281.3,351.1]","[309.0,418.2]","[489.5,453.7]",0
/home/ajj/Documents/ODI/Data/Landmarking/seated/preop/set_001_0073_20251117_14.tif,,,,"[276.5,150.6]","[227.8,112.2]","[315.6,273.2]","[268.7,333.7]","[282.8,299.4]",,"[327.8,328.2]","[483.9,349.2]",0
/home/ajj/Documents/ODI/Data/Landmarking/seated/preop/set_001_0071_20251027_12.tif,"[323.4,237.0]","[305.6,227.8]","[294.6,365.8]","[153.6,207.5]","[135.8,177.6]","[245.8,339.2]","[213.0,410.5]","[224.8,377.6]","[222.6,342.2]","[269.5,396.5]","[483.2,427.5]",0
/home/ajj/Documents/ODI/Data/Landmarking/seated/preop/set_001_0069.tif,"[317.8,217.1]",,,"[235.1,202.3]","[182.4,180.5]","[316.4,276.1]","[275.7,356.2]","[288.7,314.5]","[289.0,314.5]","[365.8,344.8]","[490.2,337.4]",0
/home/ajj/Documents/ODI/Data/Landmarking/seated/preop/set_001_0067_20251117_14.tif,"[279.8,233.3]","[275.4,204.9]",,"[167.6,232.9]","[131.8,196.0]","[269.5,326.3]","[197.1,382.1]","[234.8,335.6]","[218.2,346.3]","[304.9,359.9]","[486.2,327.1]",0
/home/ajj/Documents/ODI/Data/Landmarking/seated/preop/set_001_0067_20251028_14.tif,"[277.2,214.5]","[273.2,261.7]",,"[172.4,179.4]","[120.3,161.3]","[208.2,277.6]","[140.6,343.7]","[169.1,302.7]","[221.9,318.2]","[284.6,340.0]","[475.8,316.7]",0
/home/ajj/Documents/ODI/Data/Landmarking/seated/preop/set_001_0066_20251027_12.tif,"[358.4,214.8]","[316.0,221.1]","[423.8,321.5]","[224.4,302.0]","[164.6,293.8]","[388.0,328.9]","[346.3,415.3]","[357.0,364.3]","[333.7,347.7]","[398.3,380.6]","[479.1,386.5]",0
/home/ajj/Documents/ODI/Data/Landmarking/seated/preop/set_001_0065.tif,"[365.1,149.5]","[351.1,181.2]",,"[265.4,142.5]","[221.9,115.5]","[320.8,279.8]","[276.9,343.7]","[291.6,304.9]","[292.4,304.9]","[354.0,335.2]","[490.6,330.8]",0
/home/ajj/Documents/ODI/Data/Landmarking/seated/preop/set_001_0063_20251117_14.tif,"[289.0,165.4]","[301.2,164.3]","[351.8,294.2]","[168.7,217.1]","[124.8,204.5]","[298.6,297.5]","[246.2,359.9]","[265.8,321.5]","[264.3,305.6]","[331.1,327.8]","[468.4,306.8]",0
/home/ajj/Documents/ODI/Data/Landmarking/seated/preop/set_001_0062_20251028_14.tif,"[370.6,115.9]","[366.2,155.0]",,"[238.5,195.6]","[182.0,198.6]",,,,,,,0
/home/ajj/Documents/ODI/Data/Landmarking/standing/preop/set_001_0024_20251117_14.tif,"[316.8,161.7]","[296.2,185.9]","[311.0,276.6]","[198.8,143.4]","[162.6,112.6]",,,"[218.0,260.0]","[227.2,259.7]","[218.0,366.8]","[226.5,420.0]",0
/home/ajj/Documents/ODI/Data/Landmarking/standing/preop/set_001_0025.tif,,,,,,"[181.4,169.3]","[247.1,201.5]","[216.7,184.1]",,"[214.0,349.8]","[208.6,416.4]",0
/home/ajj/Documents/ODI/Data/Landmarking/standing/preop/set_001_0026_20251027_12.tif,,,,,,"[284.6,171.1]","[215.3,214.5]","[250.2,190.8]",,"[243.9,371.3]","[242.6,435.6]",0
/home/ajj/Documents/ODI/Data/Landmarking/standing/preop/set_001_0028_20251117_14.tif,,,,,,"[214.4,253.5]","[270.5,274.0]","[239.9,268.1]","[283.3,150.2]","[253.8,397.2]","[247.1,460.2]",0
/home/ajj/Documents/ODI/Data/Landmarking/standing/preop/set_001_0029_20251117_14.tif,"[373.9,159.9]","[342.2,184.1]","[359.7,313.2]","[264.0,163.1]","[237.2,133.6]",,,"[288.2,281.0]","[280.2,286.8]","[272.1,394.1]","[280.6,459.7]",0
/home/ajj/Documents/ODI/Data/Landmarking/standing/preop/set_001_0030_20251124_11.tif,"[325.1,208.1]","[345.4,222.3]","[348.4,363.6]","[240.0,197.5]","[210.2,160.0]",,,"[264.4,348.9]","[257.8,317.5]","[259.3,434.5]","[265.4,493.3]",0
/home/ajj/Documents/ODI/Data/Landmarking/standing/preop/set_001_0031_20251028_14.tif,"[377.1,220.7]","[337.3,255.1]","[344.5,399.9]","[232.3,174.2]","[186.8,138.5]",,,"[245.7,356.1]","[246.1,361.5]","[240.8,443.6]","[250.2,482.1]",0
/home/ajj/Documents/ODI/Data/Landmarking/standing/preop/set_001_0032.tif,"[340.4,166.6]",,"[328.4,263.1]","[261.8,109.5]","[219.4,77.3]",,,"[273.9,257.8]","[249.6,243.4]","[264.5,358.8]","[269.0,440.1]",0
/home/ajj/Documents/ODI/Data/Landmarking/standing/preop/set_001_0032_20251027_12.tif,"[352.5,227.9]","[332.4,227.9]","[361.0,342.2]","[245.3,179.6]","[205.5,151.5]",,,"[283.7,330.6]",,"[283.3,420.9]","[290.8,459.3]",0
/home/ajj/Documents/ODI/Data/Landmarking/standing/preop/set_001_0033.tif,,,,,,"[263.6,118.8]","[338.7,154.6]","[300.7,138.9]",,"[281.0,332.0]","[273.9,411.0]",0
/home/ajj/Documents/ODI/Data/Landmarking/standing/preop/set_001_0035.tif,"[315.0,166.2]","[308.7,202.4]","[294.9,289.1]","[210.4,145.6]","[184.5,106.8]",,"[180.5,281.5]","[217.1,268.1]","[202.8,248.0]","[207.7,366.4]","[216.7,422.2]",0
/home/ajj/Documents/ODI/Data/Landmarking/standing/preop/set_001_0035_20251027_12.tif,,,,,,"[306.5,219.8]","[245.7,269.8]","[278.8,247.5]","[214.8,116.5]","[272.5,383.3]","[281.5,471.8]",0
/home/ajj/Documents/ODI/Data/Landmarking/standing/preop/set_001_0036_20251117_14.tif,,,,,,,,"[154.0,155.6]","[158.3,251.2]","[175.1,412.8]","[192.6,464.2]",0
/home/ajj/Documents/ODI/Data/Landmarking/standing/preop/set_001_0037_20251027_12.tif,"[382.9,172.9]","[349.8,196.6]","[373.9,324.8]","[243.9,166.2]","[214.0,122.9]",,,"[278.3,301.6]","[279.4,305.3]","[267.2,399.9]","[276.1,445.9]",0
/home/ajj/Documents/ODI/Data/Landmarking/standing/preop/set_001_0039.tif,"[323.5,241.3]",,"[330.6,384.7]","[243.9,209.5]","[202.8,188.1]","[288.6,318.5]","[232.8,342.7]","[263.1,338.7]",,"[256.9,430.7]","[268.1,471.3]",0
/home/ajj/Documents/ODI/Data/Landmarking/standing/preop/set_001_0039_20251028_14.tif,,,,,,,,"[275.7,76.0]",,"[264.9,301.6]","[253.8,389.6]",0
/home/ajj/Documents/ODI/Data/Landmarking/standing/preop/set_001_0039_20251117_14.tif,"[352.9,256.0]","[309.6,221.6]","[308.3,377.5]","[243.0,189.9]","[206.4,143.0]","[269.0,348.0]","[180.5,387.8]","[222.9,365.5]","[219.0,306.1]","[245.7,433.8]","[263.1,476.7]",0
/home/ajj/Documents/ODI/Data/Landmarking/standing/preop/set_001_0040.tif,"[366.4,253.3]","[302.5,240.8]","[331.5,381.5]","[252.9,204.2]","[214.0,181.8]","[275.7,323.9]","[214.5,340.4]","[246.2,337.8]","[281.0,360.7]","[245.3,464.6]","[254.3,491.5]",0
/home/ajj/Documents/ODI/Data/Landmarking/standing/preop/set_001_0040_20251028_14.tif,,,,,,,,"[243.4,55.7]",,"[250.6,263.6]","[269.0,379.3]",0
/home/ajj/Documents/ODI/Data/Landmarking/standing/preop/set_001_0040_20251124_11.tif,,,,,,"[230.3,132.7]","[286.1,180.8]","[262.8,155.0]",,"[250.2,355.5]","[248.7,459.3]",0
/home/ajj/Documents/ODI/Data/Landmarking/standing/preop/set_001_0041_20251028_14.tif,"[355.2,158.2]",,"[361.9,294.4]","[264.0,113.9]","[229.2,76.0]","[317.2,264.5]","[237.7,260.9]","[275.2,261.8]","[251.9,275.5]","[272.5,377.5]","[288.2,447.2]",0
/home/ajj/Documents/ODI/Data/Landmarking/standing/preop/set_001_0042.tif,"[311.8,216.7]","[297.5,209.5]","[298.0,335.1]","[214.5,163.1]","[169.8,126.0]","[267.2,309.2]","[191.2,345.8]","[221.6,319.0]","[206.7,335.1]","[237.7,433.4]","[249.3,469.6]",0
/home/ajj/Documents/ODI/Data/Landmarking/standing/preop/set_001_0042_20251027_12.tif,"[378.0,144.8]","[349.8,165.8]","[359.7,290.4]","[255.6,110.4]","[217.6,64.3]",,,"[277.0,272.5]",,"[279.7,403.0]","[286.4,464.6]",0
/home/ajj/Documents/ODI/Data/Landmarking/standing/preop/set_001_0043_20251027_12.tif,,,,,,"[314.1,253.3]","[234.6,294.4]","[271.6,260.0]","[258.9,98.3]","[273.4,404.3]","[277.9,464.6]",0
/home/ajj/Documents/ODI/Data/Landmarking/standing/preop/set_001_0046_20251027_12.tif,,,,,,"[225.2,252.4]","[300.2,277.0]","[263.1,263.1]","[293.3,70.0]","[256.4,404.8]","[247.1,461.1]",0
/home/ajj/Documents/ODI/Data/Landmarking/standing/preop/set_001_0046_20251028_14.tif,,,,,,"[266.7,186.3]","[192.6,217.1]","[231.0,204.2]",,"[258.2,386.9]","[273.0,444.5]",0
/home/ajj/Documents/ODI/Data/Landmarking/standing/preop/set_001_0047.tif,"[352.1,171.1]",,"[351.2,344.5]","[260.9,168.4]","[224.7,133.1]",,,"[272.1,301.1]","[272.5,300.2]","[280.1,428.5]","[283.7,488.3]",0
/home/ajj/Documents/ODI/Data/Landmarking/standing/preop/set_001_0047_20251028_14.tif,,,,,,"[246.2,197.5]","[325.7,200.6]","[285.0,195.7]","[237.2,44.9]","[263.6,366.4]","[235.0,436.5]",0
/home/ajj/Documents/ODI/Data/Landmarking/standing/preop/set_001_0048_20251028_14.tif,"[294.9,241.7]",,"[310.5,370.8]","[200.2,219.4]","[160.4,184.5]",,,"[248.4,343.1]","[219.4,366.5]","[281.0,444.5]","[296.2,490.1]",0
/home/ajj/Documents/ODI/Data/Landmarking/standing/preop/set_001_0049_20251027_12.tif,"[386.9,192.1]","[387.8,193.0]","[387.8,277.9]","[275.2,129.1]","[231.4,103.7]","[356.5,260.5]","[294.9,285.5]","[325.2,274.8]","[298.4,246.9]","[313.2,396.7]","[316.3,476.3]",0
/home/ajj/Documents/ODI/Data/Landmarking/standing/preop/set_001_0050.tif,"[371.7,122.4]","[329.7,136.7]","[369.5,300.2]","[253.3,138.9]","[216.7,107.2]","[309.2,257.3]","[241.3,281.9]","[276.1,270.3]","[298.4,290.0]","[261.8,381.1]","[269.8,445.4]",0
/home/ajj/Documents/ODI/Data/Landmarking/standing/preop/set_001_0050_20251027_12.tif,"[350.7,215.3]","[346.2,233.2]","[384.7,354.7]","[219.4,212.7]","[196.6,182.7]","[330.6,331.5]","[260.0,348.9]","[294.9,341.8]","[288.3,353.3]","[281.5,438.7]","[288.6,481.2]",0
/home/ajj/Documents/ODI/Data/Landmarking/standing/preop/set_001_0053.tif,,,,,,"[298.4,241.3]","[233.2,275.2]","[269.0,261.4]","[290.2,129.6]","[252.4,387.8]","[260.0,468.2]",0
/home/ajj/Documents/ODI/Data/Landmarking/standing/preop/set_001_0057_20251027_12.tif,"[341.3,144.8]","[328.4,197.0]","[351.2,256.9]","[215.3,125.1]","[182.3,96.9]",,,"[264.0,252.4]",,"[264.5,392.3]","[276.6,443.6]",0
/home/ajj/Documents/ODI/Data/Landmarking/standing/preop/set_001_0057_20251028_14.tif,,,,,,,,"[306.5,147.9]",,"[265.4,321.2]","[241.3,404.8]",0
/home/ajj/Documents/ODI/Data/Landmarking/standing/preop/set_001_0058.tif,,,,,,"[306.5,221.6]","[218.5,226.5]","[256.9,223.4]","[273.6,59.6]","[260.5,381.5]","[273.4,444.5]",0
/home/ajj/Documents/ODI/Data/Landmarking/standing/preop/set_001_0058_20251028_14.tif,,,,,,,,"[195.7,190.3]",,"[241.7,350.7]","[276.1,439.2]",0
/home/ajj/Documents/ODI/Data/Landmarking/standing/preop/set_001_0059.tif,,,,,,"[240.8,187.6]","[305.6,206.0]","[273.4,192.1]","[285.2,17.4]","[281.5,342.7]","[282.8,438.7]",0
/home/ajj/Documents/ODI/Data/Landmarking/standing/preop/set_001_0060.tif,"[356.5,200.2]","[323.9,209.5]","[358.8,340.0]","[229.2,222.0]","[193.9,185.4]",,,"[266.3,321.2]",,"[252.4,424.0]","[262.3,475.8]",0
/home/ajj/Documents/ODI/Data/Landmarking/standing/preop/set_001_0060_20251027_12.tif,"[391.4,253.3]","[391.8,253.8]","[366.4,390.5]","[254.2,224.7]","[220.3,189.0]","[305.1,336.0]","[242.2,355.6]","[274.3,344.9]","[287.2,371.5]","[269.4,426.2]","[276.6,470.9]",0
/home/ajj/Documents/ODI/Data/Landmarking/standing/preop/set_001_0060_20251028_14.tif,"[389.1,254.7]","[366.4,243.0]","[321.7,424.0]","[248.4,214.5]","[209.5,181.8]",,,"[263.1,321.7]",,"[253.8,416.8]","[261.4,461.1]",0
/home/ajj/Documents/ODI/Data/Landmarking/standing/preop/set_001_0061_20251117_14.tif,,,,,,"[275.2,170.7]","[199.3,199.7]","[237.7,183.2]","[232.6,36.0]","[247.5,325.2]","[276.1,408.8]",0
/home/ajj/Documents/ODI/Data/Landmarking/standing/preop/set_001_0062.tif,"[322.1,203.3]","[319.9,185.9]","[293.5,327.5]","[247.1,157.3]","[207.3,113.9]","[270.7,282.4]","[197.0,306.9]","[231.0,291.3]","[209.0,296.4]","[246.6,419.1]","[266.3,481.6]",0
/home/ajj/Documents/ODI/Data/Landmarking/standing/preop/set_001_0062_20251117_14.tif,"[321.2,136.7]","[304.3,157.7]","[336.0,287.3]","[181.8,165.3]","[141.6,136.3]","[285.0,264.5]",,"[248.4,287.7]",,"[256.4,400.8]","[275.2,456.6]",0
/home/ajj/Documents/ODI/Data/Landmarking/standing/preop/set_001_0063_20251028_14.tif,,,,,,"[222.9,155.0]","[299.8,175.1]","[261.4,152.8]",,"[256.9,321.2]","[243.0,390.5]",0
/home/ajj/Documents/ODI/Data/Landmarking/standing/preop/set_001_0064.tif,"[428.0,146.1]",,"[413.7,285.5]","[336.0,95.2]","[279.7,61.2]","[364.1,228.3]","[292.6,260.9]","[325.1,246.9]","[334.4,257.4]","[327.9,406.6]","[334.2,445.4]",0
/home/ajj/Documents/ODI/Data/Landmarking/standing/preop/set_001_0064_20251027_12.tif,,,,,,"[285.5,135.8]","[354.3,171.1]","[317.2,151.0]",,"[294.0,307.8]","[258.7,401.2]",0
/home/ajj/Documents/ODI/Data/Landmarking/standing/preop/set_001_0064_20251028_14.tif,"[326.6,172.0]","[343.1,140.3]","[360.1,287.7]","[250.6,134.5]","[201.0,112.6]",,,"[273.4,278.8]","[273.2,275.5]","[260.9,389.6]","[267.2,461.5]",0
/home/ajj/Documents/ODI/Data/Landmarking/standing/preop/set_001_0065_20251027_12.tif,"[329.3,133.1]","[323.0,105.4]","[361.9,255.1]","[201.9,148.8]","[147.4,115.3]","[305.6,220.7]","[260.9,277.9]","[285.5,248.4]","[263.1,241.7]","[300.7,353.4]","[326.1,417.3]",0
/home/ajj/Documents/ODI/Data/Landmarking/standing/preop/set_001_0065_20251117_14.tif,,,,,,"[303.8,141.6]","[229.6,151.5]","[266.7,142.5]",,"[267.6,339.1]","[277.4,432.5]",0
/home/ajj/Documents/ODI/Data/Landmarking/standing/preop/set_001_0066_20251028_14.tif,,,,,,"[294.4,154.6]","[227.4,202.8]","[266.3,186.3]",,"[251.1,361.0]","[252.0,441.0]",0
/home/ajj/Documents/ODI/Data/Landmarking/standing/preop/set_001_0068.tif,"[355.2,109.5]","[340.9,131.4]","[380.6,256.0]","[268.1,108.1]","[238.1,74.2]","[332.8,223.8]","[271.6,249.3]","[298.9,231.0]",,"[285.9,319.0]","[290.4,392.3]",0
/home/ajj/Documents/ODI/Data/Landmarking/standing/preop/set_001_0068_20251117_14.tif,"[344.5,172.5]","[299.3,208.2]","[345.4,320.3]","[216.2,185.0]","[169.8,136.3]",,,"[248.4,306.0]",,"[234.1,418.2]","[244.8,464.2]",0
/home/ajj/Documents/ODI/Data/Landmarking/standing/preop/set_001_0069_20251027_12.tif,,,,,,,,"[315.4,218.2]",,"[321.0,354.9]","[319.7,434.3]",0
/home/ajj/Documents/ODI/Data/Landmarking/standing/preop/set_001_0070_20251027_12.tif,"[366.8,205.5]","[353.2,201.7]","[361.7,337.1]","[255.6,160.9]","[219.9,127.4]",,,"[273.8,308.6]",,"[272.6,417.3]","[278.5,467.0]",0
/home/ajj/Documents/ODI/Data/Landmarking/standing/preop/set_001_0070_20251028_14.tif,,,,,,"[236.9,230.1]","[304.0,257.7]","[270.0,239.4]",,"[235.2,374.0]","[209.7,445.3]",0
/home/ajj/Documents/ODI/Data/Landmarking/standing/preop/set_001_0071_20251117_14.tif,,,,,,"[254.2,248.7]","[193.5,287.7]","[222.8,265.9]","[165.2,111.1]","[210.2,385.9]","[203.1,462.9]",0
/home/ajj/Documents/ODI/Data/Landmarking/standing/preop/set_001_0072_20251027_12.tif,,,,,,"[229.3,109.1]","[299.3,110.4]","[267.5,103.6]",,"[239.4,306.1]","[222.5,391.4]",0
/home/ajj/Documents/ODI/Data/Landmarking/standing/preop/set_001_0072_20251028_14.tif,"[361.7,171.1]","[372.3,166.0]","[373.6,321.8]","[254.3,152.8]","[217.8,119.3]","[329.9,270.4]","[267.9,304.8]","[299.7,291.2]","[291.8,317.3]","[308.6,392.7]","[321.4,463.6]",0
/home/ajj/Documents/ODI/Data/Landmarking/standing/preop/set_001_0072_20251117_14.tif,"[377.8,249.2]",,"[339.3,357.5]","[266.9,181.8]","[231.9,150.4]",,,"[257.8,321.1]","[274.5,343.4]","[251.2,441.6]","[253.2,505.9]",0
/home/ajj/Documents/ODI/Data/Landmarking/standing/preop/set_001_0074.tif,"[364.7,184.3]","[312.9,180.9]","[337.1,322.7]","[245.8,156.2]","[195.7,125.2]",,,"[246.2,277.7]","[262.8,306.5]","[239.9,396.1]","[250.5,462.3]",0
/home/ajj/Documents/ODI/Data/Landmarking/standing/preop/set_001_0075.tif,,,,,,"[295.1,81.5]","[226.3,129.5]","[263.6,107.0]",,"[274.7,254.3]","[297.6,344.7]",0
/home/ajj/Documents/ODI/Data/Landmarking/standing/preop/set_001_0075_20251027_12.tif,"[384.2,165.6]","[372.7,215.2]","[373.2,366.4]","[295.5,170.2]","[258.1,141.4]","[321.4,298.5]",,"[291.7,321.0]","[284.4,312.7]","[296.3,417.8]","[306.1,473.4]",0
/home/ajj/Documents/ODI/Data/Landmarking/standing/preop/set_001_0076_20251117_14.tif,"[292.2,191.9]","[323.1,186.4]","[320.6,352.5]","[208.1,186.9]","[177.8,156.0]",,,"[231.9,301.8]","[245.4,323.5]","[226.4,401.1]","[234.0,482.1]",0
/home/ajj/Documents/ODI/Data/Landmarking/standing/preop/set_001_0080.tif,,,,,,"[305.2,134.6]","[227.1,183.8]","[268.7,155.0]",,"[278.5,340.1]","[292.1,416.9]",0
/home/ajj/Documents/ODI/Data/Landmarking/standing/preop/set_001_0081.tif,,,,,,"[219.5,124.0]","[288.7,174.1]","[254.7,150.3]",,"[253.5,330.7]","[251.8,411.8]",0
/home/ajj/Documents/ODI/Data/Landmarking/standing/preop/set_001_0082_20251028_14.tif,,,,,,"[225.4,189.8]","[295.1,208.0]","[260.7,194.4]","[295.7,58.4]","[257.3,377.0]","[253.9,434.7]",0
/home/ajj/Documents/ODI/Data/Landmarking/standing/preop/set_001_0083_20251028_14.tif,"[346.9,136.7]","[379.1,112.9]","[346.4,304.8]","[245.4,129.1]","[200.0,105.3]",,"[218.2,284.9]","[253.9,272.1]","[257.7,273.2]","[243.7,373.2]","[253.0,440.7]",0
/home/ajj/Documents/ODI/Data/Landmarking/standing/preop/set_001_0084.tif,,,,,,"[287.8,228.8]","[227.1,240.3]","[256.0,221.2]","[299.7,101.9]","[249.6,333.7]","[266.2,406.3]",0
/home/ajj/Documents/ODI/Data/Landmarking/standing/preop/set_001_0084_20251117_14.tif,"[345.9,215.2]","[337.8,228.4]","[343.9,358.0]","[231.9,181.3]","[189.4,143.8]","[306.4,332.2]","[235.0,347.9]","[267.4,336.8]",,"[266.9,435.5]","[270.0,485.3]",0
/home/ajj/Documents/ODI/Data/Landmarking/standing/preop/set_001_0085.tif,"[383.8,203.8]","[360.9,209.3]","[385.9,320.5]","[276.8,159.2]","[241.6,131.6]",,,"[292.9,294.2]","[294.1,305.3]","[295.9,389.3]","[317.1,455.5]",0
/home/ajj/Documents/ODI/Data/Landmarking/standing/preop/set_001_0085_20251117_14.tif,,,,,,"[243.1,249.7]","[303.9,286.6]","[271.4,261.3]","[292.9,127.8]","[273.0,390.0]","[248.7,475.5]",0
/home/ajj/Documents/ODI/Data/Landmarking/standing/preop/set_001_0087_20251028_14.tif,,,,,,,,"[102.3,77.7]","[137.1,176.2]","[167.7,309.1]","[186.4,398.2]",0
/home/ajj/Documents/ODI/Data/Landmarking/standing/preop/set_001_0088_20251028_14.tif,"[337.1,160.1]","[317.1,172.4]","[335.0,298.9]","[240.3,135.4]","[202.5,100.6]",,,"[259.0,274.7]",,"[273.0,368.1]","[292.1,446.6]",0
/home/ajj/Documents/ODI/Data/Landmarking/standing/preop/set_001_0089.tif,"[351.5,170.7]","[374.4,176.2]","[357.0,337.9]","[253.9,146.9]","[210.6,112.9]","[316.7,284.9]","[243.7,328.2]","[284.9,315.0]","[271.7,287.9]","[312.9,395.7]","[341.8,445.3]",0
/home/ajj/Documents/ODI/Data/Landmarking/standing/preop/set_001_0090.tif,,,,,,"[294.9,186.5]","[235.7,205.9]","[265.8,197.0]","[269.7,84.8]","[290.4,323.5]","[323.9,401.6]",0
/home/ajj/Documents/ODI/Data/Landmarking/standing/preop/set_001_0094.tif,"[340.5,131.2]","[296.8,150.7]","[317.1,273.8]","[239.9,121.0]","[199.1,78.1]",,,"[231.8,247.1]",,"[225.0,365.1]","[236.9,424.5]",0
/home/ajj/Documents/ODI/Data/Landmarking/standing/preop/set_001_0094_20251117_14.tif,"[318.0,203.6]","[338.8,179.8]","[353.5,351.0]","[228.9,189.9]","[187.9,151.4]","[299.8,322.6]","[225.9,341.3]","[264.4,339.3]",,"[263.3,445.2]","[275.0,494.3]",0
/home/ajj/Documents/ODI/Data/Landmarking/standing/preop/set_001_0098_20251117_14.tif,"[323.6,214.2]","[353.5,209.2]","[316.0,329.7]","[241.1,161.0]","[211.2,137.7]","[277.0,297.3]","[212.7,313.5]","[241.6,298.8]","[260.5,306.5]","[238.5,395.0]","[242.6,481.1]",0
/home/ajj/Documents/ODI/Data/Landmarking/standing/preop/set_001_0100.tif,"[339.2,156.7]","[312.9,163.0]","[345.2,306.5]","[194.9,173.6]","[159.6,119.7]","[284.9,260.2]","[213.5,298.0]","[249.6,283.2]",,"[242.0,387.2]","[261.5,479.7]",0
/home/ajj/Documents/ODI/Data/Landmarking/standing/preop/set_001_0102.tif,,,,,,"[214.0,189.3]","[284.9,228.8]","[250.9,206.8]","[279.0,75.9]","[259.4,372.7]","[246.7,451.7]",0
/home/ajj/Documents/ODI/Data/Landmarking/standing/preop/set_001_0102_20251117_14.tif,,,,,,"[215.2,232.5]","[276.0,260.3]","[244.1,251.7]","[267.8,113.8]","[255.7,419.3]","[262.3,486.7]",0
/home/ajj/Documents/ODI/Data/Landmarking/standing/preop/set_001_0107_20251117_14.tif,,,,,,"[268.4,112.4]","[332.7,144.8]","[296.8,127.1]",,"[303.4,276.5]","[287.1,377.3]",0
/home/ajj/Documents/ODI/Data/Landmarking/standing/preop/set_001_0111.tif,"[333.7,116.7]","[316.7,155.8]","[332.0,286.1]","[214.4,118.4]","[176.2,81.5]","[290.8,250.9]","[220.8,280.2]","[253.0,267.9]",,"[247.1,368.5]","[258.1,450.0]",0
/home/ajj/Documents/ODI/Data/Landmarking/standing/preop/set_001_0120_20251117_14.tif,"[346.4,162.6]","[298.3,128.1]","[336.3,296.8]","[242.6,102.8]","[202.1,70.4]","[307.4,246.1]","[251.2,286.1]","[281.1,268.9]","[234.5,264.9]","[281.1,380.8]","[309.4,469.0]",0
/home/ajj/Documents/ODI/Data/Landmarking/standing/preop/set_001_0127.tif,"[345.2,131.2]","[322.7,162.2]","[359.2,283.6]","[240.7,149.4]","[197.0,129.9]",,,"[270.0,268.7]","[276.3,270.5]","[269.2,370.6]","[275.5,421.1]",0
/home/ajj/Documents/ODI/Data/Landmarking/standing/preop/set_001_0127_20251117_14.tif,"[380.8,194.5]","[340.2,198.3]","[353.5,337.7]","[250.8,163.1]","[216.5,137.4]",,,"[274.8,299.7]",,"[267.0,393.6]","[273.6,444.5]",0
/home/ajj/Documents/ODI/Data/Landmarking/standing/preop/set_001_0131.tif,,,,,,"[262.4,178.3]","[333.3,200.8]","[297.6,190.6]",,"[287.4,329.4]","[267.5,396.5]",0
/home/ajj/Documents/ODI/Data/Landmarking/standing/preop/set_001_0132.tif,,,,,,,,"[201.2,187.6]","[135.4,36.4]","[216.1,351.1]","[237.7,462.8]",0
/home/ajj/Documents/ODI/Data/Landmarking/standing/preop/set_001_0132_20251117_14.tif,,,,,,"[284.4,235.5]","[223.9,272.3]","[255.0,252.9]",,"[277.3,379.6]","[298.4,454.5]",0
/home/ajj/Documents/ODI/Data/Landmarking/standing/preop/set_001_0135_20251117_14.tif,"[343.5,166.4]","[330.7,193.7]","[364.2,305.0]","[249.2,158.1]","[213.6,131.2]","[314.2,303.4]","[252.9,292.6]","[284.4,290.6]","[280.2,287.9]","[283.1,398.2]","[290.1,462.7]",0
/home/ajj/Documents/ODI/Data/Landmarking/standing/preop/set_001_0137.tif,"[392.3,139.7]","[335.8,191.9]","[342.6,306.5]","[230.1,164.3]","[208.9,126.5]",,,"[244.5,268.7]","[277.1,264.3]","[242.4,370.6]","[257.7,432.6]",0
/home/ajj/Documents/ODI/Data/Landmarking/standing/preop/set_001_0137_20251117_14.tif,,,"[156.5,205.7]",,,"[202.4,219.4]","[266.6,233.0]","[233.9,228.5]","[226.4,104.1]","[238.0,388.2]","[234.7,462.7]",0
/home/ajj/Documents/ODI/Data/Landmarking/standing/preop/set_001_0140.tif,"[425.0,197.4]","[391.4,206.3]","[391.9,343.9]","[299.3,183.4]","[254.7,145.2]","[362.6,325.2]",,"[319.3,314.6]","[303.5,301.0]","[298.0,411.4]","[314.2,464.5]",0
/home/ajj/Documents/ODI/Data/Landmarking/standing/preop/set_001_0141.tif,"[392.3,239.4]","[359.2,238.2]","[380.8,378.7]","[268.7,206.8]","[235.2,178.7]",,,"[292.5,347.3]","[296.3,358.3]","[276.0,416.1]","[281.9,475.9]",0
/home/ajj/Documents/ODI/Data/Landmarking/standing/preop/set_001_0145_20251117_14.tif,,,,,,,,"[219.4,234.9]","[207.4,106.8]","[230.5,356.8]","[255.0,461.9]",0
/home/ajj/Documents/ODI/Data/Landmarking/standing/preop/set_001_0152_20251117_14.tif,,,"[276.1,262.4]",,,,"[175.1,292.6]","[208.2,274.0]","[198.5,135.4]","[207.8,386.6]","[227.2,461.5]",0
/home/ajj/Documents/ODI/Data/Landmarking/standing/preop/set_001_0164_20251117_14.tif,,,,,,,,"[143.5,183.4]",,"[265.3,233.1]","[340.9,259.0]",0
/home/ajj/Documents/ODI/Data/Landmarking/standing/preop/set_001_0165_20251117_14.tif,,,,,,"[375.0,84.9]","[308.4,116.3]","[342.7,98.1]",,"[337.3,261.6]","[332.0,359.7]",0
/home/ajj/Documents/ODI/Data/Landmarking/standing/preop/set_001_0169_20251117_14.tif,,,,,,,"[271.9,260.3]","[307.9,239.2]",,"[297.6,367.1]","[304.2,450.7]",0
/home/ajj/Documents/ODI/Data/Landmarking/standing/preop/set_001_0170_20251117_14.tif,"[431.7,245.0]","[339.0,226.4]","[377.9,386.2]","[253.7,204.5]","[209.4,172.6]","[358.9,334.4]","[281.0,406.0]","[325.7,366.7]","[264.9,325.7]","[254.6,424.3]","[262.8,487.2]",0
/home/ajj/Documents/ODI/Data/Landmarking/standing/preop/set_001_0180_20251117_14.tif,"[353.5,169.3]","[302.2,204.5]","[323.7,335.7]","[236.3,153.1]","[194.9,122.1]","[293.9,266.6]","[228.9,310.4]","[261.6,284.4]",,"[266.1,404.0]","[276.5,461.1]",0
/home/ajj/Documents/ODI/Data/Landmarking/standing/preop/set_001_0187_20251117_14.tif,"[396.5,185.0]","[346.9,198.3]","[364.6,336.5]","[244.6,168.0]","[201.6,130.8]","[331.5,276.5]","[251.2,323.7]","[295.1,305.9]","[273.6,290.6]","[279.4,410.2]","[286.4,481.0]",0
/home/ajj/Documents/ODI/Data/Landmarking/standing/preop/set_001_0188_20251117_14.tif,"[387.4,165.1]","[367.5,195.8]","[383.3,333.6]","[283.1,143.2]","[241.7,118.8]","[324.1,275.2]","[259.9,312.1]","[297.2,297.6]","[304.2,301.9]","[279.8,418.0]","[290.6,486.3]",0
/home/ajj/Documents/ODI/Data/Landmarking/standing/preop/set_001_0199_20251117_14.tif,,,,,,"[186.3,278.1]","[255.4,303.4]","[217.7,287.2]","[229.9,171.8]","[212.7,423.0]","[202.4,481.8]",0
/home/ajj/Documents/ODI/Data/Landmarking/standing/preop/set_001_0208_20251117_14.tif,,,,,,"[319.1,139.9]","[258.3,176.7]","[288.1,153.1]","[245.0,22.8]","[282.7,290.6]","[286.4,368.4]",0
/home/ajj/Documents/ODI/Data/Landmarking/standing/preop/set_001_0211_20251117_14.tif,,,,,,"[162.7,157.3]","[222.7,191.6]","[197.4,164.7]",,"[217.3,337.3]","[228.5,447.8]",0
/home/ajj/Documents/ODI/Data/Landmarking/standing/preop/set_001_0226_20251117_14.tif,,,,,,"[196.6,227.2]","[279.8,234.3]","[235.1,229.3]",,"[231.0,397.8]","[221.9,466.5]",0
/home/ajj/Documents/ODI/Data/Landmarking/standing/preop/set_001_0227_20251117_14.tif,"[409.4,137.0]","[359.7,156.0]","[392.0,302.2]","[297.2,97.7]","[245.4,69.9]",,,"[283.9,257.0]","[304.4,263.6]","[271.5,403.1]","[278.6,454.1]",0
/home/ajj/Documents/ODI/Data/Landmarking/standing/preop/set_001_0230_20251117_14.tif,"[339.0,252.9]","[355.1,267.8]","[364.6,363.8]","[214.4,238.0]","[178.4,201.2]","[304.6,329.1]","[229.7,351.0]","[268.2,345.2]","[273.6,370.0]","[266.6,451.6]","[274.8,488.0]",0
/home/ajj/Documents/ODI/Data/Landmarking/standing/preop/set_001_0234_20251117_14.tif,"[357.6,118.8]","[333.6,178.0]","[354.3,276.1]","[244.2,124.2]","[208.6,90.6]",,,"[282.7,240.5]","[273.2,275.7]","[265.3,387.0]","[274.8,456.1]",0
/home/ajj/Documents/ODI/Data/Landmarking/standing/preop/set_001_0236_20251117_14.tif,,,,,,"[205.7,193.7]","[276.9,229.7]","[238.0,211.5]","[299.2,122.3]","[225.2,339.8]","[202.8,415.6]",0
/home/ajj/Documents/ODI/Data/Landmarking/standing/preop/set_001_0237_20251117_14.tif,,,,,,,,"[249.6,165.6]","[241.9,26.3]","[253.3,292.2]","[238.4,391.6]",0
/home/ajj/Documents/ODI/Data/Landmarking/standing/preop/set_001_0005_20251117_14.tif,,,,,,"[248.8,211.1]","[327.8,224.3]","[287.2,217.7]",,"[276.1,348.5]","[256.2,424.3]",0
/home/ajj/Documents/ODI/Data/Landmarking/standing/preop/set_001_0006_20251117_14.tif,,,,,,"[314.2,196.6]","[243.8,228.9]","[273.6,204.1]",,"[277.3,328.6]","[300.5,420.5]",0
/home/ajj/Documents/ODI/Data/Landmarking/standing/preop/set_001_0007_20251117_14.tif,"[433.4,247.9]","[394.9,238.8]","[400.7,355.1]","[288.1,224.8]","[243.4,176.7]",,,"[306.9,321.6]","[312.7,339.8]","[313.3,435.8]","[319.9,473.9]",0
/home/ajj/Documents/ODI/Data/Landmarking/standing/preop/set_001_0008_20251027_12.tif,"[351.4,256.6]","[378.7,247.6]","[353.8,390.7]","[240.6,241.8]","[215.0,192.0]","[318.8,362.3]","[236.8,342.5]","[274.1,356.1]",,"[262.8,456.8]","[273.3,490.6]",0
/home/ajj/Documents/ODI/Data/Landmarking/standing/preop/set_001_0009_20251028_14.tif,,,,,,"[259.4,209.5]",,"[295.6,234.7]","[332.4,104.5]","[312.6,379.0]","[309.5,456.0]",0
/home/ajj/Documents/ODI/Data/Landmarking/standing/preop/set_001_0011_20251028_14.tif,"[405.2,142.1]","[330.2,188.5]","[377.5,312.7]","[262.8,168.0]","[225.6,119.7]",,,"[267.0,287.5]",,"[251.5,403.4]","[264.0,462.9]",0
/home/ajj/Documents/ODI/Data/Landmarking/standing/preop/set_001_0011_20251117_14.tif,,,,,,"[243.0,182.9]","[317.1,202.8]","[282.3,187.9]","[242.6,42.6]","[261.6,324.9]","[238.8,396.5]",0
/home/ajj/Documents/ODI/Data/Landmarking/standing/preop/set_001_0013_20251117_14.tif,"[359.2,164.4]","[346.7,156.8]","[409.7,273.9]","[235.4,134.5]","[197.5,107.7]","[358.8,286.4]","[300.2,298.9]","[323.9,268.1]","[308.8,291.4]","[321.2,417.3]","[335.5,463.3]",0
/home/ajj/Documents/ODI/Data/Landmarking/standing/preop/set_001_0019_20251028_14.tif,,,,,,"[360.1,237.7]","[321.7,166.6]","[342.7,202.4]",,"[227.4,307.4]","[168.4,369.0]",0
/home/ajj/Documents/ODI/Data/Landmarking/standing/preop/set_001_0019_20251117_14.tif,,,,,,"[247.5,193.9]","[310.5,245.7]","[280.6,216.7]",,"[263.6,387.4]","[250.2,460.2]",0
/home/ajj/Documents/ODI/Data/Landmarking/standing/preop/set_001_0020_20251117_14.tif,,,,,,"[225.2,189.4]","[295.8,216.7]","[260.0,200.6]","[295.7,68.1]","[233.2,395.8]","[225.2,457.0]",0
/home/ajj/Documents/ODI/Data/Landmarking/standing/preop/set_001_0021_20251117_14.tif,,,,,,"[290.6,237.2]","[221.8,293.3]","[258.2,267.6]",,"[254.7,410.6]","[265.8,475.8]",0
/home/ajj/Documents/ODI/Data/Landmarking/standing/preop/set_001_0022_20251027_12.tif,"[356.5,149.2]","[328.4,160.4]","[361.0,302.0]","[252.0,163.5]","[216.2,127.8]",,,"[277.9,305.6]","[269.0,291.0]","[268.1,394.9]","[286.4,464.6]",0
/home/ajj/Documents/ODI/Data/Landmarking/standing/preop/set_001_0022_20251117_14.tif,"[335.5,186.8]","[308.7,207.7]","[318.5,332.4]","[235.9,185.0]","[200.2,142.1]","[273.4,298.9]","[204.6,328.8]","[234.6,304.7]",,"[236.3,415.9]","[245.7,468.7]",0
